ClassID,LoadedFrom,FileName,ClassName,LogLevel,ClassHash,ClassLoaderID
0,file:/home/chanko/.m2/repository/junit/junit/4.13.1/junit-4.13.1.jar,junit/framework/Test,junit/framework/Test,Normal,b9048836a9609c56b508cf16a60345cf6cc66ab0,Loader@1dbd16a6:junit/framework/Test
1,file:/home/chanko/soba/target/test-classes/,soba/core/JavaProgramTest,soba/core/JavaProgramTest,Normal,880898dfaab1a2717a438b44d4db25f007a8a97c,Loader@1dbd16a6:soba/core/JavaProgramTest
2,file:/home/chanko/soba/target/test-classes/,soba/core/ExampleProgram,soba/core/ExampleProgram,Normal,a6f98534ca1e66c6602bab5c948f0db7eac137f4,Loader@1dbd16a6:soba/core/ExampleProgram
3,file:/home/chanko/soba/target/classes/,soba/core/JavaProgram,soba/core/JavaProgram,Normal,1d023f9f5cb12944f0cc970619d9245820fbad3e,Loader@1dbd16a6:soba/core/JavaProgram
4,file:/home/chanko/soba/target/test-classes/,soba/core/FieldInfoTest,soba/core/FieldInfoTest,Normal,480b2f0ec19d03e930c55c1325574fc7d490f96e,Loader@1dbd16a6:soba/core/FieldInfoTest
5,file:/home/chanko/soba/target/test-classes/,soba/core/method/DataDependenceTest,soba/core/method/DataDependenceTest,Normal,88f1de118c85b12225217797c149c24312959b21,Loader@1dbd16a6:soba/core/method/DataDependenceTest
6,file:/home/chanko/soba/target/test-classes/,soba/core/method/LocalVariablesTest,soba/core/method/LocalVariablesTest,Normal,02c1fe24f1d75bd72e7a5a41b1eb10054558f552,Loader@1dbd16a6:soba/core/method/LocalVariablesTest
7,file:/home/chanko/soba/target/test-classes/,soba/core/method/ControlDependenceTest,soba/core/method/ControlDependenceTest,Normal,72f91710938d058117979f3874dbcc1e31d5881f,Loader@1dbd16a6:soba/core/method/ControlDependenceTest
8,file:/home/chanko/soba/target/classes/,soba/util/graph/DirectedGraph,soba/util/graph/DirectedGraph,Normal,2076a8595cdb7632d968c410c75fa14a071922e8,Loader@1dbd16a6:soba/util/graph/DirectedGraph
9,file:/home/chanko/soba/target/classes/,soba/util/graph/IDirectedGraph,soba/util/graph/IDirectedGraph,Normal,cb8b02a02cb0a41ae710daec59a376755278f512,Loader@1dbd16a6:soba/util/graph/IDirectedGraph
10,file:/home/chanko/soba/target/test-classes/,soba/core/method/asm/FastSourceValueTest,soba/core/method/asm/FastSourceValueTest,Normal,12ec357e24d61caab1803bf5fb095dc1e0fc8d2d,Loader@1dbd16a6:soba/core/method/asm/FastSourceValueTest
11,file:/home/chanko/soba/target/test-classes/,soba/core/ClassInfoTest,soba/core/ClassInfoTest,Normal,186065877cc555eccf9b661bbda9c201f3f90fda,Loader@1dbd16a6:soba/core/ClassInfoTest
12,file:/home/chanko/soba/target/test-classes/,soba/core/ClassHierarchyTest,soba/core/ClassHierarchyTest,Normal,5c42432593a2a296f2853a51cc41b5f893fe1c2b,Loader@1dbd16a6:soba/core/ClassHierarchyTest
13,file:/home/chanko/soba/target/classes/,soba/core/ClassHierarchy$FrozenHierarchyException,soba/core/ClassHierarchy$FrozenHierarchyException,Normal,3463293b72f099cb4d3809a83c25a238bc4cf19e,Loader@1dbd16a6:soba/core/ClassHierarchy$FrozenHierarchyException
14,file:/home/chanko/soba/target/classes/,soba/core/MethodInfo,soba/core/MethodInfo,Normal,8fcdf8ccc9f6d88183d2e8026d24f56dc6507a98,Loader@1dbd16a6:soba/core/MethodInfo
15,file:/home/chanko/soba/target/test-classes/,soba/core/MethodInfoTest,soba/core/MethodInfoTest,Normal,0d89addfaf665795e948a46c62ef268ba4d96308,Loader@1dbd16a6:soba/core/MethodInfoTest
16,file:/home/chanko/soba/target/test-classes/,soba/core/signature/TypeResolverTest,soba/core/signature/TypeResolverTest,Normal,b5311c95c65e1567d037e82e7c252ef06905ba2d,Loader@1dbd16a6:soba/core/signature/TypeResolverTest
17,file:/home/chanko/soba/target/test-classes/,soba/core/vta/MethodVerticesTest,soba/core/vta/MethodVerticesTest,Normal,9b35f44bf0d6c5f4b094a30d254220294ebe6d18,Loader@1dbd16a6:soba/core/vta/MethodVerticesTest
18,file:/home/chanko/soba/target/test-classes/,soba/core/vta/CallSiteVerticesTest,soba/core/vta/CallSiteVerticesTest,Normal,a2f672ac1df379405db23c1e42eba6de84c22238,Loader@1dbd16a6:soba/core/vta/CallSiteVerticesTest
19,file:/home/chanko/soba/target/test-classes/,soba/core/vta/VTAResolverTest,soba/core/vta/VTAResolverTest,Normal,e51acda982ccc8cd367eccc422b2f9caa8295e87,Loader@1dbd16a6:soba/core/vta/VTAResolverTest
20,file:/home/chanko/soba/target/classes/,soba/core/vta/IAnalysisTarget,soba/core/vta/IAnalysisTarget,Normal,22ad799be095a430683f9611fea5729a2613c7f0,Loader@1dbd16a6:soba/core/vta/IAnalysisTarget
21,file:/home/chanko/soba/target/test-classes/,soba/core/vta/NewVerticesTest,soba/core/vta/NewVerticesTest,Normal,f780217f1de8c52923adf1d7016a699dce56096e,Loader@1dbd16a6:soba/core/vta/NewVerticesTest
22,file:/home/chanko/soba/target/test-classes/,soba/util/graph/DominanceTreeTest,soba/util/graph/DominanceTreeTest,Normal,322ef811d1a8379184b1b5243d4c7ebacb72fcd6,Loader@1dbd16a6:soba/util/graph/DominanceTreeTest
23,file:/home/chanko/soba/target/test-classes/,soba/util/graph/DirectedAcyclicGraphTest,soba/util/graph/DirectedAcyclicGraphTest,Normal,d8df44e8d0aab9b7647b49718caeed62eb786c74,Loader@1dbd16a6:soba/util/graph/DirectedAcyclicGraphTest
24,file:/home/chanko/soba/target/classes/,soba/util/IntPairProc,soba/util/IntPairProc,Normal,131bf5afccb4a66ef10c04e9649f223ebc514071,Loader@1dbd16a6:soba/util/IntPairProc
25,file:/home/chanko/soba/target/test-classes/,soba/util/graph/DirectedGraphTest,soba/util/graph/DirectedGraphTest,Normal,8dfc1cb5881576778cbb3276cfa1eb77bcb2b8e5,Loader@1dbd16a6:soba/util/graph/DirectedGraphTest
26,file:/home/chanko/soba/target/classes/,soba/util/graph/IDepthFirstVisitor,soba/util/graph/IDepthFirstVisitor,Normal,46a5e797bb1e4cffc846658715067c9af96d1b54,Loader@1dbd16a6:soba/util/graph/IDepthFirstVisitor
27,file:/home/chanko/soba/target/test-classes/,soba/util/graph/SingleRootDirectedGraphTest,soba/util/graph/SingleRootDirectedGraphTest,Normal,cfdb779c37de6d1d10d57003a6623fa71623a9b6,Loader@1dbd16a6:soba/util/graph/SingleRootDirectedGraphTest
28,file:/home/chanko/soba/target/test-classes/,soba/util/graph/DepthFirstSearchTest,soba/util/graph/DepthFirstSearchTest,Normal,53e70fd23daa6b4e687613c4a607b8c7f2ecb0c2,Loader@1dbd16a6:soba/util/graph/DepthFirstSearchTest
29,file:/home/chanko/soba/target/test-classes/,soba/util/IntStackTest,soba/util/IntStackTest,Normal,f5421688cf2e54675c42f17efc4b802bd7bd675c,Loader@1dbd16a6:soba/util/IntStackTest
30,file:/home/chanko/soba/target/test-classes/,soba/util/ObjectIdMapTest,soba/util/ObjectIdMapTest,Normal,7600ea501cb71f08488f82293df7a9b0d3c12edf,Loader@1dbd16a6:soba/util/ObjectIdMapTest
31,file:/home/chanko/soba/target/classes/,soba/util/ObjectIdMap$FrozenMapException,soba/util/ObjectIdMap$FrozenMapException,Normal,9e4e032f5e4ab28e0a5936f5b6a2c3aafcb9e539,Loader@1dbd16a6:soba/util/ObjectIdMap$FrozenMapException
32,file:/home/chanko/soba/target/test-classes/,soba/util/IntPairListTest,soba/util/IntPairListTest,Normal,8bf03f87f855548ff0c87896bc53afc1277a5ac5,Loader@1dbd16a6:soba/util/IntPairListTest
33,file:/home/chanko/soba/target/classes/,soba/util/IntPairList$FrozenListException,soba/util/IntPairList$FrozenListException,Normal,41a570cf8bcebbdeb7480b06a2f24dcde34c7a84,Loader@1dbd16a6:soba/util/IntPairList$FrozenListException
34,file:/home/chanko/soba/target/test-classes/,soba/util/callgraph/CallGraphTest,soba/util/callgraph/CallGraphTest,Normal,ff151a606dd6580cafcc015ba6aef82fb56e5e77,Loader@1dbd16a6:soba/util/callgraph/CallGraphTest
35,file:/home/chanko/soba/target/test-classes/,soba/util/IntSetStackTest,soba/util/IntSetStackTest,Normal,629458e1545413d5f1cb54923eb2a80a16840ab9,Loader@1dbd16a6:soba/util/IntSetStackTest
36,file:/home/chanko/soba/target/classes/,soba/util/IntSetStack$DuplicatedElementException,soba/util/IntSetStack$DuplicatedElementException,Normal,8b3d7e99ab570d8a4c57a5748e1a62526d96935e,Loader@1dbd16a6:soba/util/IntSetStack$DuplicatedElementException
37,file:/home/chanko/soba/target/classes/,soba/util/IntSetStack$InvalidElementException,soba/util/IntSetStack$InvalidElementException,Normal,dccd86575b2ad5d0b086689ef36695ff803a9da0,Loader@1dbd16a6:soba/util/IntSetStack$InvalidElementException
38,file:/home/chanko/soba/target/test-classes/,soba/util/IntPairUtilTest,soba/util/IntPairUtilTest,Normal,df0d18e27a9a796d7e2cd900c574a08d2037fab6,Loader@1dbd16a6:soba/util/IntPairUtilTest
39,file:/home/chanko/soba/target/test-classes/,soba/util/TestUtil,soba/util/TestUtil,Normal,7f9e1e812cf00b2561df2f95a5a165d4fca14d11,Loader@1dbd16a6:soba/util/TestUtil
40,file:/home/chanko/soba/target/test-classes/,soba/util/IntPairSetTest,soba/util/IntPairSetTest,Normal,ab72a680afe2cbd07f25c89007e5cfcb5aa15e86,Loader@1dbd16a6:soba/util/IntPairSetTest
41,file:/home/chanko/soba/target/test-classes/,soba/util/files/ZipFileTest,soba/util/files/ZipFileTest,Normal,8be8b6733da0d5800160eb6f75755297ef2afb99,Loader@1dbd16a6:soba/util/files/ZipFileTest
42,file:/home/chanko/soba/target/test-classes/,soba/util/files/DirectoryTest,soba/util/files/DirectoryTest,Normal,36838a96215b8499e381d58ce48daf049e36b1bc,Loader@1dbd16a6:soba/util/files/DirectoryTest
43,file:/home/chanko/soba/target/test-classes/,soba/util/files/ClasspathUtilTest,soba/util/files/ClasspathUtilTest,Normal,748dccde0b6bc046f1da9c0c40595c8f6a642014,Loader@1dbd16a6:soba/util/files/ClasspathUtilTest
44,file:/home/chanko/.m2/repository/junit/junit/4.13.1/junit-4.13.1.jar,junit/framework/TestCase,junit/framework/TestCase,Normal,44e3f1e1f36d490170a335b94148cbad68091df0,Loader@1dbd16a6:junit/framework/TestCase
45,file:/home/chanko/.m2/repository/junit/junit/4.13.1/junit-4.13.1.jar,junit/framework/Assert,junit/framework/Assert,Normal,ecdf46fe257a64b3400c17f7882ab6f9273c03f3,Loader@1dbd16a6:junit/framework/Assert
46,file:/home/chanko/.m2/repository/org/hamcrest/hamcrest-all/1.3/hamcrest-all-1.3.jar,org/hamcrest/SelfDescribing,org/hamcrest/SelfDescribing,Normal,4a4b704b150540dbc0bf5029eb1a949dd0fbec2a,Loader@1dbd16a6:org/hamcrest/SelfDescribing
47,file:/home/chanko/soba/target/classes/,soba/util/files/Directory,soba/util/files/Directory,Normal,f856d9aa2200f2806fc36e157865e3a57e997827,Loader@1dbd16a6:soba/util/files/Directory
48,file:/home/chanko/soba/target/classes/,soba/util/files/IClassList,soba/util/files/IClassList,Normal,6a01f8dfd316e041fa352c8bc2ce9021eae6066a,Loader@1dbd16a6:soba/util/files/IClassList
49,file:/home/chanko/soba/target/classes/,soba/util/files/IClassListCallback,soba/util/files/IClassListCallback,Normal,d7967460f0d1010e1d169db07382255c355d016b,Loader@1dbd16a6:soba/util/files/IClassListCallback
50,file:/home/chanko/soba/target/classes/,soba/core/ClassHierarchy,soba/core/ClassHierarchy,Normal,6f101f634624a7da915c89dd14529a8910b999c3,Loader@1dbd16a6:soba/core/ClassHierarchy
51,file:/home/chanko/soba/target/classes/,soba/core/IDynamicBindingResolver,soba/core/IDynamicBindingResolver,Normal,31acf8aa409f945220b09a96053a6acb503deb14,Loader@1dbd16a6:soba/core/IDynamicBindingResolver
52,file:/home/chanko/soba/target/classes/,soba/core/JavaProgram$1,soba/core/JavaProgram$1,Normal,9a5350ca0674ad0d5583853d495c911913051632,Loader@1dbd16a6:soba/core/JavaProgram$1
53,file:/home/chanko/soba/target/classes/,soba/util/files/Directory$FileFilterCallback,soba/util/files/Directory$FileFilterCallback,Normal,656e338ccd9382b9f6d425fee9545d837bf2e0fa,Loader@1dbd16a6:soba/util/files/Directory$FileFilterCallback
54,file:/home/chanko/soba/target/classes/,soba/core/ClassInfo,soba/core/ClassInfo,Normal,377ceb73c8e1c6be3ca99048e805bb294338fa94,Loader@1dbd16a6:soba/core/ClassInfo
55,file:/home/chanko/soba/target/classes/,soba/core/ClassReadFailureException,soba/core/ClassReadFailureException,Normal,4e3a592cfcfc27aa1e8ebfe6b7249fb0ddf697cf,Loader@1dbd16a6:soba/core/ClassReadFailureException
56,file:/home/chanko/.m2/repository/org/ow2/asm/asm/9.0/asm-9.0.jar,org/objectweb/asm/ClassVisitor,org/objectweb/asm/ClassVisitor,Normal,6069b129e509d048fa8e404c5be36ab42cfea77b,Loader@1dbd16a6:org/objectweb/asm/ClassVisitor
57,file:/home/chanko/soba/target/classes/,soba/core/ClassInfo$2,soba/core/ClassInfo$2,Normal,7f8204a914f183c3fe7612cc6da352167dfecfaf,Loader@1dbd16a6:soba/core/ClassInfo$2
58,file:/home/chanko/.m2/repository/org/ow2/asm/asm-tree/9.0/asm-tree-9.0.jar,org/objectweb/asm/tree/ClassNode,org/objectweb/asm/tree/ClassNode,Normal,fa539b0ccf996f9eb698a55ac6f38cecdb12b3fe,Loader@1dbd16a6:org/objectweb/asm/tree/ClassNode
59,file:/home/chanko/.m2/repository/org/ow2/asm/asm/9.0/asm-9.0.jar,org/objectweb/asm/ClassReader,org/objectweb/asm/ClassReader,Normal,358d13b043ce47d612d4b58163fcc8a2d0b317d9,Loader@1dbd16a6:org/objectweb/asm/ClassReader
60,file:/home/chanko/soba/target/classes/,soba/core/ClassInfo$1,soba/core/ClassInfo$1,Normal,b060b75ac32de40c0fdb7d4cb3caa97398b22e2a,Loader@1dbd16a6:soba/core/ClassInfo$1
61,file:/home/chanko/soba/target/classes/,soba/util/files/FileUtil,soba/util/files/FileUtil,Normal,b805fb8ba2ff730174500a255c8bcfe556d4c408,Loader@1dbd16a6:soba/util/files/FileUtil
62,file:/home/chanko/.m2/repository/org/ow2/asm/asm/9.0/asm-9.0.jar,org/objectweb/asm/RecordComponentVisitor,org/objectweb/asm/RecordComponentVisitor,Normal,dd78e5aa3ca3072d7eab33e8c5132b661eeec3b1,Loader@1dbd16a6:org/objectweb/asm/RecordComponentVisitor
63,file:/home/chanko/.m2/repository/org/ow2/asm/asm-tree/9.0/asm-tree-9.0.jar,org/objectweb/asm/tree/RecordComponentNode,org/objectweb/asm/tree/RecordComponentNode,Normal,d5d2c074b1124ff50915118ec567dc1d41bdac34,Loader@1dbd16a6:org/objectweb/asm/tree/RecordComponentNode
64,file:/home/chanko/.m2/repository/org/ow2/asm/asm/9.0/asm-9.0.jar,org/objectweb/asm/ModuleVisitor,org/objectweb/asm/ModuleVisitor,Normal,e3e11834c4ba8b297e41793fa4822e7fb7c7bc49,Loader@1dbd16a6:org/objectweb/asm/ModuleVisitor
65,file:/home/chanko/.m2/repository/org/ow2/asm/asm-tree/9.0/asm-tree-9.0.jar,org/objectweb/asm/tree/ModuleNode,org/objectweb/asm/tree/ModuleNode,Normal,e1db32173a8301da81f196dc0640e28b141fab26,Loader@1dbd16a6:org/objectweb/asm/tree/ModuleNode
66,file:/home/chanko/.m2/repository/org/ow2/asm/asm/9.0/asm-9.0.jar,org/objectweb/asm/AnnotationVisitor,org/objectweb/asm/AnnotationVisitor,Normal,efdd0c3418ff87283f68ee0f1e1b552f725ddafd,Loader@1dbd16a6:org/objectweb/asm/AnnotationVisitor
67,file:/home/chanko/.m2/repository/org/ow2/asm/asm-tree/9.0/asm-tree-9.0.jar,org/objectweb/asm/tree/TypeAnnotationNode,org/objectweb/asm/tree/TypeAnnotationNode,Normal,1164ed506f685c7f4e488e2a4287eecb6871d670,Loader@1dbd16a6:org/objectweb/asm/tree/TypeAnnotationNode
68,file:/home/chanko/.m2/repository/org/ow2/asm/asm-tree/9.0/asm-tree-9.0.jar,org/objectweb/asm/tree/AnnotationNode,org/objectweb/asm/tree/AnnotationNode,Normal,4346ac44ac3eb60560f484e1458110cb70068852,Loader@1dbd16a6:org/objectweb/asm/tree/AnnotationNode
69,file:/home/chanko/.m2/repository/org/ow2/asm/asm/9.0/asm-9.0.jar,org/objectweb/asm/MethodVisitor,org/objectweb/asm/MethodVisitor,Normal,c28d923306a6c1917ff01cf4e264d35518ee7169,Loader@1dbd16a6:org/objectweb/asm/MethodVisitor
70,file:/home/chanko/.m2/repository/org/ow2/asm/asm-tree/9.0/asm-tree-9.0.jar,org/objectweb/asm/tree/MethodNode,org/objectweb/asm/tree/MethodNode,Normal,f336487e41ba3a3362cef4072ebcc4eae1dbcf3c,Loader@1dbd16a6:org/objectweb/asm/tree/MethodNode
71,file:/home/chanko/.m2/repository/org/ow2/asm/asm/9.0/asm-9.0.jar,org/objectweb/asm/FieldVisitor,org/objectweb/asm/FieldVisitor,Normal,dd265bdd1745df30d0d4955bafe087a252dfc817,Loader@1dbd16a6:org/objectweb/asm/FieldVisitor
72,file:/home/chanko/.m2/repository/org/ow2/asm/asm-tree/9.0/asm-tree-9.0.jar,org/objectweb/asm/tree/FieldNode,org/objectweb/asm/tree/FieldNode,Normal,e57321b356c7eaa01f0462e4bc235db27bb32f85,Loader@1dbd16a6:org/objectweb/asm/tree/FieldNode
73,file:/home/chanko/.m2/repository/org/ow2/asm/asm-tree/9.0/asm-tree-9.0.jar,org/objectweb/asm/tree/UnsupportedClassVersionException,org/objectweb/asm/tree/UnsupportedClassVersionException,Normal,0aa60a28734e0ac6d3a0fb52537c4512eda8febd,Loader@1dbd16a6:org/objectweb/asm/tree/UnsupportedClassVersionException
74,file:/home/chanko/.m2/repository/org/ow2/asm/asm-commons/9.0/asm-commons-9.0.jar,org/objectweb/asm/commons/JSRInlinerAdapter,org/objectweb/asm/commons/JSRInlinerAdapter,Normal,96f9860c904bfef9db913a0bfcc53010dc9f79f8,Loader@1dbd16a6:org/objectweb/asm/commons/JSRInlinerAdapter
75,file:/home/chanko/.m2/repository/org/ow2/asm/asm/9.0/asm-9.0.jar,org/objectweb/asm/Opcodes,org/objectweb/asm/Opcodes,Normal,58c1aaaf5a53fd464b53f7a5b17548dfbd484756,Loader@1dbd16a6:org/objectweb/asm/Opcodes
76,file:/home/chanko/.m2/repository/org/ow2/asm/asm/9.0/asm-9.0.jar,org/objectweb/asm/Attribute,org/objectweb/asm/Attribute,Normal,f8182b2d007da8e59d3695f60f1fae051b6d736b,Loader@1dbd16a6:org/objectweb/asm/Attribute
77,file:/home/chanko/.m2/repository/org/ow2/asm/asm/9.0/asm-9.0.jar,org/objectweb/asm/Context,org/objectweb/asm/Context,Normal,ba6b59836c48ecce553ec8f3f567e720b40fb2d7,Loader@1dbd16a6:org/objectweb/asm/Context
78,file:/home/chanko/.m2/repository/org/ow2/asm/asm-tree/9.0/asm-tree-9.0.jar,org/objectweb/asm/tree/Util,org/objectweb/asm/tree/Util,Normal,52fcd04be1b34b42b80ff9957daab87f77cecf20,Loader@1dbd16a6:org/objectweb/asm/tree/Util
79,file:/home/chanko/.m2/repository/org/ow2/asm/asm-tree/9.0/asm-tree-9.0.jar,org/objectweb/asm/tree/InnerClassNode,org/objectweb/asm/tree/InnerClassNode,Normal,4bb85b39e601590e45f25fa706d17982b2264730,Loader@1dbd16a6:org/objectweb/asm/tree/InnerClassNode
80,file:/home/chanko/.m2/repository/org/ow2/asm/asm-tree/9.0/asm-tree-9.0.jar,org/objectweb/asm/tree/AbstractInsnNode,org/objectweb/asm/tree/AbstractInsnNode,Normal,9a12e5c00c2479ca654903c11d55e818c2368fb4,Loader@1dbd16a6:org/objectweb/asm/tree/AbstractInsnNode
81,file:/home/chanko/.m2/repository/org/ow2/asm/asm-tree/9.0/asm-tree-9.0.jar,org/objectweb/asm/tree/LineNumberNode,org/objectweb/asm/tree/LineNumberNode,Normal,05d9746ea2db7a1aea8f378260adb756b50e0b01,Loader@1dbd16a6:org/objectweb/asm/tree/LineNumberNode
82,file:/home/chanko/.m2/repository/org/ow2/asm/asm-tree/9.0/asm-tree-9.0.jar,org/objectweb/asm/tree/LocalVariableAnnotationNode,org/objectweb/asm/tree/LocalVariableAnnotationNode,Normal,5256058d18338ba4106a54f64d0ac6f05dd9e59d,Loader@1dbd16a6:org/objectweb/asm/tree/LocalVariableAnnotationNode
83,file:/home/chanko/.m2/repository/org/ow2/asm/asm-tree/9.0/asm-tree-9.0.jar,org/objectweb/asm/tree/MultiANewArrayInsnNode,org/objectweb/asm/tree/MultiANewArrayInsnNode,Normal,074eb273ba941a5cd273fd11d513459b135b0fe8,Loader@1dbd16a6:org/objectweb/asm/tree/MultiANewArrayInsnNode
84,file:/home/chanko/.m2/repository/org/ow2/asm/asm-tree/9.0/asm-tree-9.0.jar,org/objectweb/asm/tree/LookupSwitchInsnNode,org/objectweb/asm/tree/LookupSwitchInsnNode,Normal,0d904a1e9396e820344170731c7f14b82a344e65,Loader@1dbd16a6:org/objectweb/asm/tree/LookupSwitchInsnNode
85,file:/home/chanko/.m2/repository/org/ow2/asm/asm-tree/9.0/asm-tree-9.0.jar,org/objectweb/asm/tree/TableSwitchInsnNode,org/objectweb/asm/tree/TableSwitchInsnNode,Normal,49be02017d9b9adc73a0b0cdd689b94d2fa67f60,Loader@1dbd16a6:org/objectweb/asm/tree/TableSwitchInsnNode
86,file:/home/chanko/.m2/repository/org/ow2/asm/asm-tree/9.0/asm-tree-9.0.jar,org/objectweb/asm/tree/IincInsnNode,org/objectweb/asm/tree/IincInsnNode,Normal,35f90a39ee13e9099e3eccd022f8e85bac1b61eb,Loader@1dbd16a6:org/objectweb/asm/tree/IincInsnNode
87,file:/home/chanko/.m2/repository/org/ow2/asm/asm-tree/9.0/asm-tree-9.0.jar,org/objectweb/asm/tree/LabelNode,org/objectweb/asm/tree/LabelNode,Normal,e9c85885daf2376a6b47e655cb3c4c1006848d1d,Loader@1dbd16a6:org/objectweb/asm/tree/LabelNode
88,file:/home/chanko/.m2/repository/org/ow2/asm/asm-tree/9.0/asm-tree-9.0.jar,org/objectweb/asm/tree/JumpInsnNode,org/objectweb/asm/tree/JumpInsnNode,Normal,253b35ca129434f03b70e6c322bbedf8b756014f,Loader@1dbd16a6:org/objectweb/asm/tree/JumpInsnNode
89,file:/home/chanko/.m2/repository/org/ow2/asm/asm-tree/9.0/asm-tree-9.0.jar,org/objectweb/asm/tree/InvokeDynamicInsnNode,org/objectweb/asm/tree/InvokeDynamicInsnNode,Normal,aaf0c9779e63896136f6c2398741ec1cedb21cc9,Loader@1dbd16a6:org/objectweb/asm/tree/InvokeDynamicInsnNode
90,file:/home/chanko/.m2/repository/org/ow2/asm/asm-tree/9.0/asm-tree-9.0.jar,org/objectweb/asm/tree/LdcInsnNode,org/objectweb/asm/tree/LdcInsnNode,Normal,6b336860c53002210a7408a186444986a8d23313,Loader@1dbd16a6:org/objectweb/asm/tree/LdcInsnNode
91,file:/home/chanko/.m2/repository/org/ow2/asm/asm-tree/9.0/asm-tree-9.0.jar,org/objectweb/asm/tree/IntInsnNode,org/objectweb/asm/tree/IntInsnNode,Normal,ed1ea49f25c808660431eb5dc46c74a477dffbb2,Loader@1dbd16a6:org/objectweb/asm/tree/IntInsnNode
92,file:/home/chanko/.m2/repository/org/ow2/asm/asm-tree/9.0/asm-tree-9.0.jar,org/objectweb/asm/tree/TypeInsnNode,org/objectweb/asm/tree/TypeInsnNode,Normal,427f7867818bdc5472206da20ef7fd34fcd82d8a,Loader@1dbd16a6:org/objectweb/asm/tree/TypeInsnNode
93,file:/home/chanko/.m2/repository/org/ow2/asm/asm-tree/9.0/asm-tree-9.0.jar,org/objectweb/asm/tree/MethodInsnNode,org/objectweb/asm/tree/MethodInsnNode,Normal,097ff03c7ace4123e9c6fa3def93de4c1ed56f8e,Loader@1dbd16a6:org/objectweb/asm/tree/MethodInsnNode
94,file:/home/chanko/.m2/repository/org/ow2/asm/asm-tree/9.0/asm-tree-9.0.jar,org/objectweb/asm/tree/VarInsnNode,org/objectweb/asm/tree/VarInsnNode,Normal,3046432f35fd3207e4f783ff1bee16677ab8b61e,Loader@1dbd16a6:org/objectweb/asm/tree/VarInsnNode
95,file:/home/chanko/.m2/repository/org/ow2/asm/asm-tree/9.0/asm-tree-9.0.jar,org/objectweb/asm/tree/InsnNode,org/objectweb/asm/tree/InsnNode,Normal,dfc7bcfdd5d8e869ba0e586b33b8601321e0c308,Loader@1dbd16a6:org/objectweb/asm/tree/InsnNode
96,file:/home/chanko/.m2/repository/org/ow2/asm/asm-tree/9.0/asm-tree-9.0.jar,org/objectweb/asm/tree/FieldInsnNode,org/objectweb/asm/tree/FieldInsnNode,Normal,771b0f8bf6da1085301cee78291fda20b9875f86,Loader@1dbd16a6:org/objectweb/asm/tree/FieldInsnNode
97,file:/home/chanko/.m2/repository/org/ow2/asm/asm-tree/9.0/asm-tree-9.0.jar,org/objectweb/asm/tree/FrameNode,org/objectweb/asm/tree/FrameNode,Normal,0e1ae4a46edc10b1957f3b1205aa70aa0c97e9eb,Loader@1dbd16a6:org/objectweb/asm/tree/FrameNode
98,file:/home/chanko/.m2/repository/org/ow2/asm/asm-tree/9.0/asm-tree-9.0.jar,org/objectweb/asm/tree/InsnList,org/objectweb/asm/tree/InsnList,Normal,73c4586a62460bd43e47019aa289afd957f85fde,Loader@1dbd16a6:org/objectweb/asm/tree/InsnList
99,file:/home/chanko/.m2/repository/org/ow2/asm/asm/9.0/asm-9.0.jar,org/objectweb/asm/MethodWriter,org/objectweb/asm/MethodWriter,Normal,542f53085cf7c511881ad8f974e9cb6746a97d3d,Loader@1dbd16a6:org/objectweb/asm/MethodWriter
100,file:/home/chanko/.m2/repository/org/ow2/asm/asm/9.0/asm-9.0.jar,org/objectweb/asm/Label,org/objectweb/asm/Label,Normal,a420fb3fb709952b53f9cb6e95942bb4895beea6,Loader@1dbd16a6:org/objectweb/asm/Label
101,file:/home/chanko/.m2/repository/org/ow2/asm/asm-tree/9.0/asm-tree-9.0.jar,org/objectweb/asm/tree/LocalVariableNode,org/objectweb/asm/tree/LocalVariableNode,Normal,4c7581fe6de41a6d39556ee2fe2fdb5e7296ac9d,Loader@1dbd16a6:org/objectweb/asm/tree/LocalVariableNode
102,file:/home/chanko/soba/target/classes/,soba/core/MD5,soba/core/MD5,Normal,4b510ed5c5b77c76c777a431fd055e6ddfda29f4,Loader@1dbd16a6:soba/core/MD5
103,file:/home/chanko/.m2/repository/org/ow2/asm/asm-analysis/9.0/asm-analysis-9.0.jar,org/objectweb/asm/tree/analysis/AnalyzerException,org/objectweb/asm/tree/analysis/AnalyzerException,Normal,def23bfca0f164062553e9dae362c12e7a392d5d,Loader@1dbd16a6:org/objectweb/asm/tree/analysis/AnalyzerException
104,file:/home/chanko/.m2/repository/net/sf/trove4j/trove4j/3.0.3/trove4j-3.0.3.jar,gnu/trove/set/TIntSet,gnu/trove/set/TIntSet,Normal,5ea041f7e3ab66e1375431b423d2031187d2b866,Loader@1dbd16a6:gnu/trove/set/TIntSet
105,file:/home/chanko/.m2/repository/net/sf/trove4j/trove4j/3.0.3/trove4j-3.0.3.jar,gnu/trove/TIntCollection,gnu/trove/TIntCollection,Normal,248f9eff895093185557d16d45e7c867eb57be1f,Loader@1dbd16a6:gnu/trove/TIntCollection
106,file:/home/chanko/soba/target/classes/,soba/core/FieldInfo,soba/core/FieldInfo,Normal,d8b22164ced94b186a1430a95a87c23548ecb29f,Loader@1dbd16a6:soba/core/FieldInfo
107,file:/home/chanko/.m2/repository/org/ow2/asm/asm-tree/9.0/asm-tree-9.0.jar,org/objectweb/asm/tree/TryCatchBlockNode,org/objectweb/asm/tree/TryCatchBlockNode,Normal,37ff0910de2192e1212e714708b6f0721392bdbd,Loader@1dbd16a6:org/objectweb/asm/tree/TryCatchBlockNode
108,file:/home/chanko/.m2/repository/org/ow2/asm/asm/9.0/asm-9.0.jar,org/objectweb/asm/Type,org/objectweb/asm/Type,Normal,501f9c16d03ea1e99a74c88246c490de33c59af7,Loader@1dbd16a6:org/objectweb/asm/Type
109,file:/home/chanko/.m2/repository/org/hamcrest/hamcrest-all/1.3/hamcrest-all-1.3.jar,org/hamcrest/Matchers,org/hamcrest/Matchers,Normal,a3b670deb167336efd20a9fbf294a379af00a57f,Loader@1dbd16a6:org/hamcrest/Matchers
110,file:/home/chanko/.m2/repository/org/hamcrest/hamcrest-all/1.3/hamcrest-all-1.3.jar,org/hamcrest/core/IsNull,org/hamcrest/core/IsNull,Normal,247290314d4128dbbce9fbec004ec52e4c002813,Loader@1dbd16a6:org/hamcrest/core/IsNull
111,file:/home/chanko/.m2/repository/org/hamcrest/hamcrest-all/1.3/hamcrest-all-1.3.jar,org/hamcrest/BaseMatcher,org/hamcrest/BaseMatcher,Normal,6fe562b56a3e1bbb7d8a8e7b3fa627a7c91a1c2c,Loader@1dbd16a6:org/hamcrest/BaseMatcher
112,file:/home/chanko/.m2/repository/org/hamcrest/hamcrest-all/1.3/hamcrest-all-1.3.jar,org/hamcrest/Matcher,org/hamcrest/Matcher,Normal,43034f7b2382bf7306154e2f72bb3074cb8e8fe5,Loader@1dbd16a6:org/hamcrest/Matcher
113,file:/home/chanko/.m2/repository/org/hamcrest/hamcrest-all/1.3/hamcrest-all-1.3.jar,org/hamcrest/core/IsNot,org/hamcrest/core/IsNot,Normal,42cc52cc80a4a6dd4708715048d634b746f17e2a,Loader@1dbd16a6:org/hamcrest/core/IsNot
114,file:/home/chanko/.m2/repository/org/hamcrest/hamcrest-all/1.3/hamcrest-all-1.3.jar,org/hamcrest/core/Is,org/hamcrest/core/Is,Normal,e1264faa785f02028d0f4b0ecbbc71c43bd79bb0,Loader@1dbd16a6:org/hamcrest/core/Is
115,file:/home/chanko/.m2/repository/org/hamcrest/hamcrest-all/1.3/hamcrest-all-1.3.jar,org/hamcrest/MatcherAssert,org/hamcrest/MatcherAssert,Normal,607b0e97a7a2c58769669eb77d227010810f2738,Loader@1dbd16a6:org/hamcrest/MatcherAssert
116,file:/home/chanko/.m2/repository/org/hamcrest/hamcrest-all/1.3/hamcrest-all-1.3.jar,org/hamcrest/Description,org/hamcrest/Description,Normal,d4d7a8befc3788e8b614644cb7b9d3178dc30763,Loader@1dbd16a6:org/hamcrest/Description
117,file:/home/chanko/.m2/repository/org/hamcrest/hamcrest-all/1.3/hamcrest-all-1.3.jar,org/hamcrest/collection/IsCollectionWithSize,org/hamcrest/collection/IsCollectionWithSize,Normal,adab25e47d89fe8c1d0cf38b3d08b534895de091,Loader@1dbd16a6:org/hamcrest/collection/IsCollectionWithSize
118,file:/home/chanko/.m2/repository/org/hamcrest/hamcrest-all/1.3/hamcrest-all-1.3.jar,org/hamcrest/FeatureMatcher,org/hamcrest/FeatureMatcher,Normal,fe70a02f7f9e9273eac2051e94a15c308ce70803,Loader@1dbd16a6:org/hamcrest/FeatureMatcher
119,file:/home/chanko/.m2/repository/org/hamcrest/hamcrest-all/1.3/hamcrest-all-1.3.jar,org/hamcrest/TypeSafeDiagnosingMatcher,org/hamcrest/TypeSafeDiagnosingMatcher,Normal,bb7ebada670dd7c00b100202aa62649074a3bf4b,Loader@1dbd16a6:org/hamcrest/TypeSafeDiagnosingMatcher
120,file:/home/chanko/.m2/repository/org/hamcrest/hamcrest-all/1.3/hamcrest-all-1.3.jar,org/hamcrest/internal/ReflectiveTypeFinder,org/hamcrest/internal/ReflectiveTypeFinder,Normal,e15cc2e1bead922b25ac100155e43b76704b6d02,Loader@1dbd16a6:org/hamcrest/internal/ReflectiveTypeFinder
121,file:/home/chanko/.m2/repository/org/hamcrest/hamcrest-all/1.3/hamcrest-all-1.3.jar,org/hamcrest/core/IsEqual,org/hamcrest/core/IsEqual,Normal,9e52b086c298c2383bf770f783958f84bc9612ac,Loader@1dbd16a6:org/hamcrest/core/IsEqual
122,file:/home/chanko/.m2/repository/org/hamcrest/hamcrest-all/1.3/hamcrest-all-1.3.jar,org/hamcrest/Description$NullDescription,org/hamcrest/Description$NullDescription,Normal,ff846b890c637ae765a3b73c15d60517920f8311,Loader@1dbd16a6:org/hamcrest/Description$NullDescription
123,file:/home/chanko/.m2/repository/org/hamcrest/hamcrest-all/1.3/hamcrest-all-1.3.jar,org/hamcrest/collection/IsEmptyCollection,org/hamcrest/collection/IsEmptyCollection,Normal,64b885cae8b4d74b3fa258001499e13808ad6e11,Loader@1dbd16a6:org/hamcrest/collection/IsEmptyCollection
124,file:/home/chanko/.m2/repository/org/hamcrest/hamcrest-all/1.3/hamcrest-all-1.3.jar,org/hamcrest/TypeSafeMatcher,org/hamcrest/TypeSafeMatcher,Normal,e92e0dcfd46842d5dcb8f3f6bafb4fdce30c25ac,Loader@1dbd16a6:org/hamcrest/TypeSafeMatcher
125,file:/home/chanko/soba/target/classes/,soba/core/signature/TypeResolver,soba/core/signature/TypeResolver,Normal,c403eb49077e306f5b9ca5313247b5c82eaa3d72,Loader@1dbd16a6:soba/core/signature/TypeResolver
126,file:/home/chanko/.m2/repository/org/ow2/asm/asm/9.0/asm-9.0.jar,org/objectweb/asm/signature/SignatureVisitor,org/objectweb/asm/signature/SignatureVisitor,Normal,2d4d1c32e0853b7354d36a821562bfbd15bb52ef,Loader@1dbd16a6:org/objectweb/asm/signature/SignatureVisitor
127,file:/home/chanko/soba/target/classes/,soba/core/signature/TypeVisitor,soba/core/signature/TypeVisitor,Normal,dff052eb3a48743f5acc1e43e8faf218d2caeea6,Loader@1dbd16a6:soba/core/signature/TypeVisitor
128,file:/home/chanko/.m2/repository/org/ow2/asm/asm/9.0/asm-9.0.jar,org/objectweb/asm/signature/SignatureReader,org/objectweb/asm/signature/SignatureReader,Normal,3ecd5aab4beb0f8196f8a0840f1dc8c73a50062b,Loader@1dbd16a6:org/objectweb/asm/signature/SignatureReader
129,file:/home/chanko/soba/target/classes/,soba/util/ObjectIdMap,soba/util/ObjectIdMap,Normal,6cfd175a23728159f56cd0781395edd059438dc2,Loader@1dbd16a6:soba/util/ObjectIdMap
130,file:/home/chanko/.m2/repository/net/sf/trove4j/trove4j/3.0.3/trove4j-3.0.3.jar,gnu/trove/map/hash/TObjectIntHashMap,gnu/trove/map/hash/TObjectIntHashMap,Normal,af1233c4ac5e3c2be0087cec08b765657838a650,Loader@1dbd16a6:gnu/trove/map/hash/TObjectIntHashMap
131,file:/home/chanko/.m2/repository/net/sf/trove4j/trove4j/3.0.3/trove4j-3.0.3.jar,gnu/trove/map/TObjectIntMap,gnu/trove/map/TObjectIntMap,Normal,9d04593ec7dd2d120b3769da5c1b94ff10ff8320,Loader@1dbd16a6:gnu/trove/map/TObjectIntMap
132,file:/home/chanko/.m2/repository/net/sf/trove4j/trove4j/3.0.3/trove4j-3.0.3.jar,gnu/trove/impl/hash/TObjectHash,gnu/trove/impl/hash/TObjectHash,Normal,9fb1d52074fcfbffeb416a04fbab9a88126dedd0,Loader@1dbd16a6:gnu/trove/impl/hash/TObjectHash
133,file:/home/chanko/.m2/repository/net/sf/trove4j/trove4j/3.0.3/trove4j-3.0.3.jar,gnu/trove/impl/hash/THash,gnu/trove/impl/hash/THash,Normal,82eb54e623e155a0bdb965319892588e56e697c9,Loader@1dbd16a6:gnu/trove/impl/hash/THash
134,file:/home/chanko/.m2/repository/net/sf/trove4j/trove4j/3.0.3/trove4j-3.0.3.jar,gnu/trove/iterator/TObjectIntIterator,gnu/trove/iterator/TObjectIntIterator,Normal,cda9fa95b5a88caa42ae27c1401019c4ce848952,Loader@1dbd16a6:gnu/trove/iterator/TObjectIntIterator
135,file:/home/chanko/.m2/repository/net/sf/trove4j/trove4j/3.0.3/trove4j-3.0.3.jar,gnu/trove/iterator/TAdvancingIterator,gnu/trove/iterator/TAdvancingIterator,Normal,b383f3a03b3b763b907f415afaca62488522d3c8,Loader@1dbd16a6:gnu/trove/iterator/TAdvancingIterator
136,file:/home/chanko/.m2/repository/net/sf/trove4j/trove4j/3.0.3/trove4j-3.0.3.jar,gnu/trove/iterator/TIterator,gnu/trove/iterator/TIterator,Normal,b75a47f921d235c9aea1aa19cd4b7222ad6f0a80,Loader@1dbd16a6:gnu/trove/iterator/TIterator
137,file:/home/chanko/.m2/repository/net/sf/trove4j/trove4j/3.0.3/trove4j-3.0.3.jar,gnu/trove/procedure/TObjectIntProcedure,gnu/trove/procedure/TObjectIntProcedure,Normal,0047980663c397efaefdab368466ab61d3be7387,Loader@1dbd16a6:gnu/trove/procedure/TObjectIntProcedure
138,file:/home/chanko/.m2/repository/net/sf/trove4j/trove4j/3.0.3/trove4j-3.0.3.jar,gnu/trove/impl/HashFunctions,gnu/trove/impl/HashFunctions,Normal,93c5a64ce37e3f243b5f69a41139545ca8986845,Loader@1dbd16a6:gnu/trove/impl/HashFunctions
139,file:/home/chanko/.m2/repository/net/sf/trove4j/trove4j/3.0.3/trove4j-3.0.3.jar,gnu/trove/impl/PrimeFinder,gnu/trove/impl/PrimeFinder,Normal,64b5790078d2cf5c9fa74a19a35626f9ad65dbc3,Loader@1dbd16a6:gnu/trove/impl/PrimeFinder
140,file:/home/chanko/.m2/repository/net/sf/trove4j/trove4j/3.0.3/trove4j-3.0.3.jar,gnu/trove/map/hash/TObjectIntHashMap$1,gnu/trove/map/hash/TObjectIntHashMap$1,Normal,4dcd1669145d2c0293993c7479de7343281024ae,Loader@1dbd16a6:gnu/trove/map/hash/TObjectIntHashMap$1
141,file:/home/chanko/.m2/repository/net/sf/trove4j/trove4j/3.0.3/trove4j-3.0.3.jar,gnu/trove/impl/Constants,gnu/trove/impl/Constants,Normal,384171c3542e81e37096347b08be278e58c18249,Loader@1dbd16a6:gnu/trove/impl/Constants
142,file:/home/chanko/soba/target/classes/,soba/core/method/asm/DataFlowInterpreter,soba/core/method/asm/DataFlowInterpreter,Normal,02bf93ccdc9facd087e3806543b28c30c0385fb6,Loader@1dbd16a6:soba/core/method/asm/DataFlowInterpreter
143,file:/home/chanko/soba/target/classes/,soba/core/method/asm/FastSourceInterpreter,soba/core/method/asm/FastSourceInterpreter,Normal,be015192a711f06e7d639452d702b3c578ab7f20,Loader@1dbd16a6:soba/core/method/asm/FastSourceInterpreter
144,file:/home/chanko/.m2/repository/org/ow2/asm/asm-analysis/9.0/asm-analysis-9.0.jar,org/objectweb/asm/tree/analysis/Interpreter,org/objectweb/asm/tree/analysis/Interpreter,Normal,b513590711006cef5e6638ff47ea7fbaf8b36d94,Loader@1dbd16a6:org/objectweb/asm/tree/analysis/Interpreter
145,file:/home/chanko/.m2/repository/org/ow2/asm/asm-analysis/9.0/asm-analysis-9.0.jar,org/objectweb/asm/tree/analysis/Value,org/objectweb/asm/tree/analysis/Value,Normal,911c47af1cd7eed10edb752d9c95c0b036cd635a,Loader@1dbd16a6:org/objectweb/asm/tree/analysis/Value
146,file:/home/chanko/soba/target/classes/,soba/core/method/asm/DataFlowAnalyzer,soba/core/method/asm/DataFlowAnalyzer,Normal,d3c9378d148b23f6c7fe6467fd12db0b7eba99bb,Loader@1dbd16a6:soba/core/method/asm/DataFlowAnalyzer
147,file:/home/chanko/.m2/repository/org/ow2/asm/asm-analysis/9.0/asm-analysis-9.0.jar,org/objectweb/asm/tree/analysis/Analyzer,org/objectweb/asm/tree/analysis/Analyzer,Normal,1696b188768c30aacd013b0b8081be0a0e761936,Loader@1dbd16a6:org/objectweb/asm/tree/analysis/Analyzer
148,file:/home/chanko/soba/target/classes/,soba/util/IntPairSet,soba/util/IntPairSet,Normal,aa7287eab93ca2d8a2a3e5650b143588da621f3e,Loader@1dbd16a6:soba/util/IntPairSet
149,file:/home/chanko/.m2/repository/net/sf/trove4j/trove4j/3.0.3/trove4j-3.0.3.jar,gnu/trove/procedure/TIntObjectProcedure,gnu/trove/procedure/TIntObjectProcedure,Normal,232ffa67b8d18f8e995e7c95f9bdffca465c7ffc,Loader@1dbd16a6:gnu/trove/procedure/TIntObjectProcedure
150,file:/home/chanko/.m2/repository/net/sf/trove4j/trove4j/3.0.3/trove4j-3.0.3.jar,gnu/trove/map/hash/TIntObjectHashMap,gnu/trove/map/hash/TIntObjectHashMap,Normal,953cf1045ab0bf4dab0eada6ab8c44a20232a34d,Loader@1dbd16a6:gnu/trove/map/hash/TIntObjectHashMap
151,file:/home/chanko/.m2/repository/net/sf/trove4j/trove4j/3.0.3/trove4j-3.0.3.jar,gnu/trove/map/TIntObjectMap,gnu/trove/map/TIntObjectMap,Normal,68ff230452f391b274b37d6bd2b09336b2992c56,Loader@1dbd16a6:gnu/trove/map/TIntObjectMap
152,file:/home/chanko/.m2/repository/net/sf/trove4j/trove4j/3.0.3/trove4j-3.0.3.jar,gnu/trove/impl/hash/TIntHash,gnu/trove/impl/hash/TIntHash,Normal,8c7268212dfa419014213a24b71f42736db659b1,Loader@1dbd16a6:gnu/trove/impl/hash/TIntHash
153,file:/home/chanko/.m2/repository/net/sf/trove4j/trove4j/3.0.3/trove4j-3.0.3.jar,gnu/trove/impl/hash/TPrimitiveHash,gnu/trove/impl/hash/TPrimitiveHash,Normal,040354c842b0964bd79edb0c78cadb421f6c2cc5,Loader@1dbd16a6:gnu/trove/impl/hash/TPrimitiveHash
154,file:/home/chanko/.m2/repository/net/sf/trove4j/trove4j/3.0.3/trove4j-3.0.3.jar,gnu/trove/iterator/TIntObjectIterator,gnu/trove/iterator/TIntObjectIterator,Normal,c1a9748133cb7dd7776dc0f6872cb0a5f378bac8,Loader@1dbd16a6:gnu/trove/iterator/TIntObjectIterator
155,file:/home/chanko/.m2/repository/net/sf/trove4j/trove4j/3.0.3/trove4j-3.0.3.jar,gnu/trove/map/hash/TIntObjectHashMap$1,gnu/trove/map/hash/TIntObjectHashMap$1,Normal,fb889f1033ff3eee7f12f4af456e5ec04e16a463,Loader@1dbd16a6:gnu/trove/map/hash/TIntObjectHashMap$1
156,file:/home/chanko/.m2/repository/org/ow2/asm/asm-analysis/9.0/asm-analysis-9.0.jar,org/objectweb/asm/tree/analysis/Frame,org/objectweb/asm/tree/analysis/Frame,Normal,e9e1fa7b3eb637f664585d80dc1b2b62f4d7e25d,Loader@1dbd16a6:org/objectweb/asm/tree/analysis/Frame
157,file:/home/chanko/.m2/repository/org/ow2/asm/asm-analysis/9.0/asm-analysis-9.0.jar,org/objectweb/asm/tree/analysis/Subroutine,org/objectweb/asm/tree/analysis/Subroutine,Normal,05fbcfa9e77b727b5803a52478ab3425fa6bf8f8,Loader@1dbd16a6:org/objectweb/asm/tree/analysis/Subroutine
158,file:/home/chanko/soba/target/classes/,soba/core/method/asm/FastSourceValue,soba/core/method/asm/FastSourceValue,Normal,aec45190c52d5549785d673acb2c613ba60cf007,Loader@1dbd16a6:soba/core/method/asm/FastSourceValue
159,file:/home/chanko/.m2/repository/net/sf/trove4j/trove4j/3.0.3/trove4j-3.0.3.jar,gnu/trove/set/hash/TIntHashSet,gnu/trove/set/hash/TIntHashSet,Normal,46a4de4a3b515b861ba9f6ea9300e94023f610bf,Loader@1dbd16a6:gnu/trove/set/hash/TIntHashSet
160,file:/home/chanko/.m2/repository/net/sf/trove4j/trove4j/3.0.3/trove4j-3.0.3.jar,gnu/trove/iterator/TIntIterator,gnu/trove/iterator/TIntIterator,Normal,dce2500864bbacff93c05c8e7163346d2ba831f8,Loader@1dbd16a6:gnu/trove/iterator/TIntIterator
161,file:/home/chanko/.m2/repository/net/sf/trove4j/trove4j/3.0.3/trove4j-3.0.3.jar,gnu/trove/list/array/TIntArrayList,gnu/trove/list/array/TIntArrayList,Normal,572db9cfe32dd4fbff9766aef914f532c6e412b6,Loader@1dbd16a6:gnu/trove/list/array/TIntArrayList
162,file:/home/chanko/.m2/repository/net/sf/trove4j/trove4j/3.0.3/trove4j-3.0.3.jar,gnu/trove/list/TIntList,gnu/trove/list/TIntList,Normal,7837b16f4e9981d009cd7c665ed1565168dd6128,Loader@1dbd16a6:gnu/trove/list/TIntList
163,file:/home/chanko/.m2/repository/net/sf/trove4j/trove4j/3.0.3/trove4j-3.0.3.jar,gnu/trove/list/array/TIntArrayList$1,gnu/trove/list/array/TIntArrayList$1,Normal,9a1a84f9e9639f25340a14c47a736e5b7e34f1ef,Loader@1dbd16a6:gnu/trove/list/array/TIntArrayList$1
164,file:/home/chanko/soba/target/classes/,soba/core/method/DataDependence,soba/core/method/DataDependence,Normal,b6dbca8943a8855a76b2c89676f8286b0fabac8b,Loader@1dbd16a6:soba/core/method/DataDependence
165,file:/home/chanko/soba/target/classes/,soba/core/method/OpcodeString,soba/core/method/OpcodeString,Normal,b3e4d2c606c238ae6a77c28fa7fde4c43b5aca36,Loader@1dbd16a6:soba/core/method/OpcodeString
166,file:/home/chanko/soba/target/classes/,soba/core/method/DataFlowEdge,soba/core/method/DataFlowEdge,Normal,49b6e7060243027b459fe53f7b66ab42c0ca3bbd,Loader@1dbd16a6:soba/core/method/DataFlowEdge
167,file:/home/chanko/soba/target/classes/,soba/core/method/DataFlowEdge$SourceComparator,soba/core/method/DataFlowEdge$SourceComparator,Normal,4d4e7135d41d6f0907725cb131778a04a0c99a98,Loader@1dbd16a6:soba/core/method/DataFlowEdge$SourceComparator
168,file:/home/chanko/soba/target/classes/,soba/util/IntPairList,soba/util/IntPairList,Normal,0e877fa47655a30db0fedcaf1ed110e9ff7bf18c,Loader@1dbd16a6:soba/util/IntPairList
169,file:/home/chanko/soba/target/test-classes/,soba/util/UtilForAssertThat,soba/util/UtilForAssertThat,Normal,a623b26adb5ea7543a3b9060dbab928fd3d0a0f6,Loader@1dbd16a6:soba/util/UtilForAssertThat
170,file:/home/chanko/.m2/repository/org/hamcrest/hamcrest-all/1.3/hamcrest-all-1.3.jar,org/hamcrest/collection/IsArrayContainingInAnyOrder,org/hamcrest/collection/IsArrayContainingInAnyOrder,Normal,bddf643b194daf77180c3dcfd70dbf95b4d36392,Loader@1dbd16a6:org/hamcrest/collection/IsArrayContainingInAnyOrder
171,file:/home/chanko/.m2/repository/org/hamcrest/hamcrest-all/1.3/hamcrest-all-1.3.jar,org/hamcrest/collection/IsIterableContainingInAnyOrder,org/hamcrest/collection/IsIterableContainingInAnyOrder,Normal,e66cdfa24ea493db2d6f046e34f9d0b4ce3efb8c,Loader@1dbd16a6:org/hamcrest/collection/IsIterableContainingInAnyOrder
172,file:/home/chanko/.m2/repository/org/hamcrest/hamcrest-all/1.3/hamcrest-all-1.3.jar,org/hamcrest/collection/IsIterableContainingInAnyOrder$Matching,org/hamcrest/collection/IsIterableContainingInAnyOrder$Matching,Normal,67987fe10db93651bf78c558324fb70c3a91c804,Loader@1dbd16a6:org/hamcrest/collection/IsIterableContainingInAnyOrder$Matching
173,file:/home/chanko/.m2/repository/org/hamcrest/hamcrest-all/1.3/hamcrest-all-1.3.jar,org/hamcrest/collection/IsArrayWithSize,org/hamcrest/collection/IsArrayWithSize,Normal,cc797b14273e75f1a32439156fb877e8194fb905,Loader@1dbd16a6:org/hamcrest/collection/IsArrayWithSize
174,file:/home/chanko/.m2/repository/org/hamcrest/hamcrest-all/1.3/hamcrest-all-1.3.jar,org/hamcrest/core/DescribedAs,org/hamcrest/core/DescribedAs,Normal,8b2db7c6b58312617447bc22ef7b4e4139b56538,Loader@1dbd16a6:org/hamcrest/core/DescribedAs
175,file:/home/chanko/soba/target/classes/,soba/core/method/LocalVariables,soba/core/method/LocalVariables,Normal,54deb711d677d85586c10d848a0860d4592265ce,Loader@1dbd16a6:soba/core/method/LocalVariables
176,file:/home/chanko/soba/target/classes/,soba/core/method/LocalVariables$Entry,soba/core/method/LocalVariables$Entry,Normal,ae559302d937642d9764dd977bc0eefaaa671169,Loader@1dbd16a6:soba/core/method/LocalVariables$Entry
177,file:/home/chanko/.m2/repository/net/sf/trove4j/trove4j/3.0.3/trove4j-3.0.3.jar,gnu/trove/set/hash/TIntHashSet$TIntHashIterator,gnu/trove/set/hash/TIntHashSet$TIntHashIterator,Normal,6edb6240a3cca311eae5f339e37ab1f1405f2507,Loader@1dbd16a6:gnu/trove/set/hash/TIntHashSet$TIntHashIterator
178,file:/home/chanko/.m2/repository/net/sf/trove4j/trove4j/3.0.3/trove4j-3.0.3.jar,gnu/trove/impl/hash/THashPrimitiveIterator,gnu/trove/impl/hash/THashPrimitiveIterator,Normal,a435d1b7b8dca3cf133925be74bdb5e07ea038a0,Loader@1dbd16a6:gnu/trove/impl/hash/THashPrimitiveIterator
179,file:/home/chanko/.m2/repository/net/sf/trove4j/trove4j/3.0.3/trove4j-3.0.3.jar,gnu/trove/iterator/TPrimitiveIterator,gnu/trove/iterator/TPrimitiveIterator,Normal,97eead592d0e6b5e26c7679eafb3ca1971c302f4,Loader@1dbd16a6:gnu/trove/iterator/TPrimitiveIterator
180,file:/home/chanko/soba/target/classes/,soba/core/method/ControlDependence,soba/core/method/ControlDependence,Normal,9b72fb8954d6c5225c21fb5594e2d74511f90ecf,Loader@1dbd16a6:soba/core/method/ControlDependence
181,file:/home/chanko/soba/target/classes/,soba/util/graph/GraphUtil,soba/util/graph/GraphUtil,Normal,9a792afa9f7d32a592b571280c1b6278efa9f2e1,Loader@1dbd16a6:soba/util/graph/GraphUtil
182,file:/home/chanko/soba/target/classes/,soba/util/graph/GraphUtil$1,soba/util/graph/GraphUtil$1,Normal,2d45ea76a787a914fade086806924eba7d3a750d,Loader@1dbd16a6:soba/util/graph/GraphUtil$1
183,file:/home/chanko/soba/target/classes/,soba/util/graph/SingleRootDirectedGraph,soba/util/graph/SingleRootDirectedGraph,Normal,402e18eb4fea32cb2bb92ec09f2bc9abbff3ae4b,Loader@1dbd16a6:soba/util/graph/SingleRootDirectedGraph
184,file:/home/chanko/soba/target/classes/,soba/util/graph/DirectedAcyclicGraph,soba/util/graph/DirectedAcyclicGraph,Normal,71e3c18f0609be683715a6cc323fd4f42de470aa,Loader@1dbd16a6:soba/util/graph/DirectedAcyclicGraph
185,file:/home/chanko/soba/target/classes/,soba/util/graph/DirectedAcyclicGraph$TarjanData,soba/util/graph/DirectedAcyclicGraph$TarjanData,Normal,b821ee395cde4e4d1882b2a70c3acead3e60b2d8,Loader@1dbd16a6:soba/util/graph/DirectedAcyclicGraph$TarjanData
186,file:/home/chanko/soba/target/classes/,soba/util/IntStack,soba/util/IntStack,Normal,4c679d11c31fb4b4a662abf2627a84b286e03fac,Loader@1dbd16a6:soba/util/IntStack
187,file:/home/chanko/soba/target/classes/,soba/util/IntSetStack,soba/util/IntSetStack,Normal,60332b181506d92373d506d4081242a2dfa03513,Loader@1dbd16a6:soba/util/IntSetStack
188,file:/home/chanko/soba/target/classes/,soba/util/graph/DirectedAcyclicGraph$1,soba/util/graph/DirectedAcyclicGraph$1,Normal,a28429a6b9365fcf6d99a3d3e6929044b255c8ec,Loader@1dbd16a6:soba/util/graph/DirectedAcyclicGraph$1
189,file:/home/chanko/soba/target/classes/,soba/util/IntPairUtil,soba/util/IntPairUtil,Normal,9a1c610e2628d4857c958035c28f9edc1caa9530,Loader@1dbd16a6:soba/util/IntPairUtil
190,file:/home/chanko/soba/target/classes/,soba/util/IntPairUtil$1,soba/util/IntPairUtil$1,Normal,a481dc6ffb230ebbcf051dd0faa2591766838a4f,Loader@1dbd16a6:soba/util/IntPairUtil$1
191,file:/home/chanko/soba/target/classes/,soba/util/IntPairSet$IntPairIterator,soba/util/IntPairSet$IntPairIterator,Normal,c4eee81257b33c691a3e6c12f455f145323dd530,Loader@1dbd16a6:soba/util/IntPairSet$IntPairIterator
192,file:/home/chanko/.m2/repository/net/sf/trove4j/trove4j/3.0.3/trove4j-3.0.3.jar,gnu/trove/procedure/TIntProcedure,gnu/trove/procedure/TIntProcedure,Normal,33b1f365ae2caae9d5064d5bb8bafeb566d0115e,Loader@1dbd16a6:gnu/trove/procedure/TIntProcedure
193,file:/home/chanko/soba/target/classes/,soba/util/IntPairSet$IntPairIterator$1,soba/util/IntPairSet$IntPairIterator$1,Normal,35bfa5dda35af6eed0752795b1491ef4c8adf01a,Loader@1dbd16a6:soba/util/IntPairSet$IntPairIterator$1
194,file:/home/chanko/soba/target/classes/,soba/util/graph/SingleRootDirectedGraph$1,soba/util/graph/SingleRootDirectedGraph$1,Normal,e759ff8013d6d8cfbab039b2866f469b9f002b62,Loader@1dbd16a6:soba/util/graph/SingleRootDirectedGraph$1
195,file:/home/chanko/soba/target/classes/,soba/util/graph/DominanceTree,soba/util/graph/DominanceTree,Normal,518e1e63fc756ca6f4ae40617024a9dbc2cbc75e,Loader@1dbd16a6:soba/util/graph/DominanceTree
196,file:/home/chanko/soba/target/classes/,soba/util/graph/SingleRootDirectedGraph$2,soba/util/graph/SingleRootDirectedGraph$2,Normal,167489b9253329cd83ab2c2f73cef0484b3521dd,Loader@1dbd16a6:soba/util/graph/SingleRootDirectedGraph$2
197,file:/home/chanko/soba/target/classes/,soba/util/graph/DominanceTree$1,soba/util/graph/DominanceTree$1,Normal,c8a05f0776d0e453e616c7665f98d1fff1517fc0,Loader@1dbd16a6:soba/util/graph/DominanceTree$1
198,file:/home/chanko/soba/target/classes/,soba/util/graph/DepthFirstSearch,soba/util/graph/DepthFirstSearch,Normal,1ffc3220d16cb07c3ac2f9a32d3695fc9b4a26f7,Loader@1dbd16a6:soba/util/graph/DepthFirstSearch
199,file:/home/chanko/soba/target/classes/,soba/util/graph/DepthFirstSearch$DfsProgress,soba/util/graph/DepthFirstSearch$DfsProgress,Normal,b365a6ca7084085196513cc5af160b83e547ac05,Loader@1dbd16a6:soba/util/graph/DepthFirstSearch$DfsProgress
200,file:/home/chanko/soba/target/classes/,soba/core/method/ControlDependence$1,soba/core/method/ControlDependence$1,Normal,11bf8603e70dcc507b7a5c9029a88ef295d87266,Loader@1dbd16a6:soba/core/method/ControlDependence$1
201,file:/home/chanko/soba/target/classes/,soba/core/method/ControlDependence$2,soba/core/method/ControlDependence$2,Normal,3f7bdee351a066a7acfce0a8bb362aedc43a9bf9,Loader@1dbd16a6:soba/core/method/ControlDependence$2
202,file:/home/chanko/soba/target/classes/,soba/core/method/FieldAccess,soba/core/method/FieldAccess,Normal,65184bd89809de00ae1a42d50b297ea32728ab79,Loader@1dbd16a6:soba/core/method/FieldAccess
203,file:/home/chanko/soba/target/classes/,soba/core/signature/MethodSignatureReader,soba/core/signature/MethodSignatureReader,Normal,ca63c35b71df6ca079a5a30be8003d51fddbd9d7,Loader@1dbd16a6:soba/core/signature/MethodSignatureReader
204,file:/home/chanko/soba/target/classes/,soba/core/signature/MethodSignatureReader$1,soba/core/signature/MethodSignatureReader$1,Normal,6b7170bc250d5edf2f9fb4108c5d21ec57b1e575,Loader@1dbd16a6:soba/core/signature/MethodSignatureReader$1
205,file:/home/chanko/.m2/repository/org/hamcrest/hamcrest-all/1.3/hamcrest-all-1.3.jar,org/hamcrest/collection/IsArrayContainingInOrder,org/hamcrest/collection/IsArrayContainingInOrder,Normal,e0062e52508db3da49ef0596193b4f3f7d847de2,Loader@1dbd16a6:org/hamcrest/collection/IsArrayContainingInOrder
206,file:/home/chanko/.m2/repository/org/hamcrest/hamcrest-all/1.3/hamcrest-all-1.3.jar,org/hamcrest/collection/IsIterableContainingInOrder,org/hamcrest/collection/IsIterableContainingInOrder,Normal,4344a11611a3748adc113dcbbe4a6563bc1da2f6,Loader@1dbd16a6:org/hamcrest/collection/IsIterableContainingInOrder
207,file:/home/chanko/.m2/repository/org/hamcrest/hamcrest-all/1.3/hamcrest-all-1.3.jar,org/hamcrest/collection/IsIterableContainingInOrder$MatchSeries,org/hamcrest/collection/IsIterableContainingInOrder$MatchSeries,Normal,1eca3e10b54d31146d23231d947fcfc057d9f95b,Loader@1dbd16a6:org/hamcrest/collection/IsIterableContainingInOrder$MatchSeries
208,file:/home/chanko/soba/target/classes/,soba/util/IntPairUtil$2,soba/util/IntPairUtil$2,Normal,e510aff785eb92c3711fb1cc9330d3dbd74f2811,Loader@1dbd16a6:soba/util/IntPairUtil$2
209,file:/home/chanko/soba/target/classes/,soba/util/IntPairUtil$3,soba/util/IntPairUtil$3,Normal,32436b4ead771442b986784ac6936900d5174e17,Loader@1dbd16a6:soba/util/IntPairUtil$3
210,file:/home/chanko/soba/target/classes/,soba/core/method/CallSite,soba/core/method/CallSite,Normal,bc541d84bca7a2f5e1ce3d981f14c2baa85c0ce7,Loader@1dbd16a6:soba/core/method/CallSite
211,file:/home/chanko/soba/target/classes/,soba/core/method/CallSite$Kind,soba/core/method/CallSite$Kind,Normal,99243162328d0a00ae3239de7903200b61560a06,Loader@1dbd16a6:soba/core/method/CallSite$Kind
212,file:/home/chanko/soba/target/classes/,soba/core/vta/MethodVertices,soba/core/vta/MethodVertices,Normal,dd7e503eca8259dcf42d5835b57d5f238f1d8789,Loader@1dbd16a6:soba/core/vta/MethodVertices
213,file:/home/chanko/soba/target/classes/,soba/core/signature/TypeConstants,soba/core/signature/TypeConstants,Normal,ed0b3f544fa79c08adfd91bc98c83e8cf7a4db9f,Loader@1dbd16a6:soba/core/signature/TypeConstants
214,file:/home/chanko/soba/target/classes/,soba/core/vta/VTAResolver,soba/core/vta/VTAResolver,Normal,9218adfd4319ab4af28be1b20bb017df3fd5756f,Loader@1dbd16a6:soba/core/vta/VTAResolver
215,file:/home/chanko/soba/target/classes/,soba/core/vta/ITopologicalVisitor,soba/core/vta/ITopologicalVisitor,Normal,01599408fd887f5bcde978404bf56210cb8c9fd6,Loader@1dbd16a6:soba/core/vta/ITopologicalVisitor
216,file:/home/chanko/soba/target/classes/,soba/core/vta/CallSiteVertices,soba/core/vta/CallSiteVertices,Normal,ea68ff0bc863ceb1c432087818a952686e245395,Loader@1dbd16a6:soba/core/vta/CallSiteVertices
217,file:/home/chanko/soba/target/test-classes/,soba/core/vta/VTAResolverTest$1,soba/core/vta/VTAResolverTest$1,Normal,e67707b6d8ecf92d5abe9d3703605f522a23d728,Loader@1dbd16a6:soba/core/vta/VTAResolverTest$1
218,file:/home/chanko/soba/target/classes/,soba/core/vta/VTAResolver$FieldVertex,soba/core/vta/VTAResolver$FieldVertex,Normal,d6b49bc6b622bf3d810eee9da0b6a9a71dfe7b6c,Loader@1dbd16a6:soba/core/vta/VTAResolver$FieldVertex
219,file:/home/chanko/soba/target/classes/,soba/core/method/LocalVariables$Entry$1,soba/core/method/LocalVariables$Entry$1,Normal,efca46c9033db528dd22d52b1b5e64c6f61d4540,Loader@1dbd16a6:soba/core/method/LocalVariables$Entry$1
220,file:/home/chanko/soba/target/classes/,soba/core/vta/NewVertices,soba/core/vta/NewVertices,Normal,0db06a6d608e14134e278dc92a76ebb1e2373de0,Loader@1dbd16a6:soba/core/vta/NewVertices
221,file:/home/chanko/soba/target/classes/,soba/core/vta/TypeSetManager,soba/core/vta/TypeSetManager,Normal,fb7d3fbd38c012c903b0e914e0fb600a4bec9e5f,Loader@1dbd16a6:soba/core/vta/TypeSetManager
222,file:/home/chanko/soba/target/classes/,soba/core/vta/TypeSet,soba/core/vta/TypeSet,Normal,a8705fe5c012e7e3f67662b74a2094b693d705f4,Loader@1dbd16a6:soba/core/vta/TypeSet
223,file:/home/chanko/soba/target/classes/,soba/core/vta/VTAResolver$3,soba/core/vta/VTAResolver$3,Normal,00eeac053b9dd725b0554a5916c84be7234dad63,Loader@1dbd16a6:soba/core/vta/VTAResolver$3
224,file:/home/chanko/soba/target/classes/,soba/core/vta/VTAResolver$4,soba/core/vta/VTAResolver$4,Normal,86fc01a85fbd83f3db94a245e0c421dcc8468683,Loader@1dbd16a6:soba/core/vta/VTAResolver$4
225,file:/home/chanko/soba/target/classes/,soba/core/vta/TopologicalOrderSearch,soba/core/vta/TopologicalOrderSearch,Normal,df7f72d0347187f16d3394d14024999a6bd645a0,Loader@1dbd16a6:soba/core/vta/TopologicalOrderSearch
226,file:/home/chanko/.m2/repository/net/sf/trove4j/trove4j/3.0.3/trove4j-3.0.3.jar,gnu/trove/map/hash/TIntIntHashMap,gnu/trove/map/hash/TIntIntHashMap,Normal,5c67b2a07e35b97706e7f11f52601a32d8dac32b,Loader@1dbd16a6:gnu/trove/map/hash/TIntIntHashMap
227,file:/home/chanko/.m2/repository/net/sf/trove4j/trove4j/3.0.3/trove4j-3.0.3.jar,gnu/trove/map/TIntIntMap,gnu/trove/map/TIntIntMap,Normal,6d897b78f857e1da873a3034dd639e7fa8c13b6a,Loader@1dbd16a6:gnu/trove/map/TIntIntMap
228,file:/home/chanko/.m2/repository/net/sf/trove4j/trove4j/3.0.3/trove4j-3.0.3.jar,gnu/trove/impl/hash/TIntIntHash,gnu/trove/impl/hash/TIntIntHash,Normal,88cf90734df9cc4e387af8484d2376ef195e07c5,Loader@1dbd16a6:gnu/trove/impl/hash/TIntIntHash
229,file:/home/chanko/.m2/repository/net/sf/trove4j/trove4j/3.0.3/trove4j-3.0.3.jar,gnu/trove/iterator/TIntIntIterator,gnu/trove/iterator/TIntIntIterator,Normal,504ee985c4393662bd110be8ec98ba0d4f58204b,Loader@1dbd16a6:gnu/trove/iterator/TIntIntIterator
230,file:/home/chanko/.m2/repository/net/sf/trove4j/trove4j/3.0.3/trove4j-3.0.3.jar,gnu/trove/procedure/TIntIntProcedure,gnu/trove/procedure/TIntIntProcedure,Normal,0d4f165b989bfadfc2dcf0f65f151da86084c0c4,Loader@1dbd16a6:gnu/trove/procedure/TIntIntProcedure
231,file:/home/chanko/soba/target/classes/,soba/core/vta/VTAResolver$2,soba/core/vta/VTAResolver$2,Normal,7266bbad2b794a2296c73e66d9f75a73425a5aeb,Loader@1dbd16a6:soba/core/vta/VTAResolver$2
232,file:/home/chanko/.m2/repository/org/hamcrest/hamcrest-all/1.3/hamcrest-all-1.3.jar,org/hamcrest/number/OrderingComparison,org/hamcrest/number/OrderingComparison,Normal,e0c6c2ca7f93a42f7eb2954bc62a252c9ceb2926,Loader@1dbd16a6:org/hamcrest/number/OrderingComparison
233,file:/home/chanko/soba/target/test-classes/,soba/util/graph/GraphTestBase,soba/util/graph/GraphTestBase,Normal,44aaa572f94ad3b113f0a9ceae38d51af543d7c4,Loader@1dbd16a6:soba/util/graph/GraphTestBase
234,file:/home/chanko/soba/target/test-classes/,soba/util/graph/DirectedAcyclicGraphTest$1,soba/util/graph/DirectedAcyclicGraphTest$1,Normal,3e2368f19060110d97daaa33f980eb7c6131ecb5,Loader@1dbd16a6:soba/util/graph/DirectedAcyclicGraphTest$1
235,file:/home/chanko/soba/target/classes/,soba/util/graph/GraphUtil$2,soba/util/graph/GraphUtil$2,Normal,fe552fa1caa719488e6698b32bad36b1db7daf87,Loader@1dbd16a6:soba/util/graph/GraphUtil$2
236,file:/home/chanko/soba/target/test-classes/,soba/util/graph/DirectedGraphTest$1,soba/util/graph/DirectedGraphTest$1,Normal,d96c929a7230e16eba9734750bfbd29961a08f44,Loader@1dbd16a6:soba/util/graph/DirectedGraphTest$1
237,file:/home/chanko/soba/target/test-classes/,soba/util/graph/SingleRootDirectedGraphTest$1,soba/util/graph/SingleRootDirectedGraphTest$1,Normal,4b27152fda983905994361c51111e3aad486b6b3,Loader@1dbd16a6:soba/util/graph/SingleRootDirectedGraphTest$1
238,file:/home/chanko/soba/target/test-classes/,soba/util/graph/SingleRootDirectedGraphTest$2,soba/util/graph/SingleRootDirectedGraphTest$2,Normal,2722de5469edf50cc3388db29f973388ef24eba8,Loader@1dbd16a6:soba/util/graph/SingleRootDirectedGraphTest$2
239,file:/home/chanko/soba/target/test-classes/,soba/util/graph/SingleRootDirectedGraphTest$3,soba/util/graph/SingleRootDirectedGraphTest$3,Normal,8c84329094e562925f7e8b5e7d5db4abd53552dd,Loader@1dbd16a6:soba/util/graph/SingleRootDirectedGraphTest$3
240,file:/home/chanko/soba/target/test-classes/,soba/util/graph/DepthFirstSearchTest$VisitList,soba/util/graph/DepthFirstSearchTest$VisitList,Normal,70bedc3e4f60aab2b7dcc88912761b9876644b36,Loader@1dbd16a6:soba/util/graph/DepthFirstSearchTest$VisitList
241,file:/home/chanko/soba/target/test-classes/,soba/util/graph/DepthFirstSearchTest$1,soba/util/graph/DepthFirstSearchTest$1,Normal,a863da65fcc22f1074d2b8fa5a3879072dbbca00,Loader@1dbd16a6:soba/util/graph/DepthFirstSearchTest$1
242,file:/home/chanko/soba/target/test-classes/,soba/util/graph/DepthFirstSearchTest$2,soba/util/graph/DepthFirstSearchTest$2,Normal,40e472b64175f0e274feda4aa769b82fb2020596,Loader@1dbd16a6:soba/util/graph/DepthFirstSearchTest$2
243,file:/home/chanko/soba/target/test-classes/,soba/util/IntPairListTest$1,soba/util/IntPairListTest$1,Normal,065ae75e2244de008cc11498c0d7e77711c86a09,Loader@1dbd16a6:soba/util/IntPairListTest$1
244,file:/home/chanko/soba/target/classes/,soba/util/callgraph/CallGraph,soba/util/callgraph/CallGraph,Normal,337d338573a5957f0be071eabe977fe15d295800,Loader@1dbd16a6:soba/util/callgraph/CallGraph
245,file:/home/chanko/soba/target/classes/,soba/util/callgraph/CallGraph$SimpleVisitor,soba/util/callgraph/CallGraph$SimpleVisitor,Normal,aeb784f75a1f34a69973b8b4ff4b6b5a70b98875,Loader@1dbd16a6:soba/util/callgraph/CallGraph$SimpleVisitor
246,file:/home/chanko/soba/target/test-classes/,soba/util/IntPairSetTest$1,soba/util/IntPairSetTest$1,Normal,2a0adb623464279087cf209ca5610cc7b8243e00,Loader@1dbd16a6:soba/util/IntPairSetTest$1
247,file:/home/chanko/soba/target/classes/,soba/util/files/ZipFile,soba/util/files/ZipFile,Normal,6bc17bde34a1e3d06e6c7167efdb0bbf5d4875fa,Loader@1dbd16a6:soba/util/files/ZipFile
248,file:/home/chanko/soba/target/classes/,soba/util/files/ClasspathUtil,soba/util/files/ClasspathUtil,Normal,18c4a6b9e4c2392d8af2ec95a888571e206e5895,Loader@1dbd16a6:soba/util/files/ClasspathUtil
249,file:/home/chanko/soba/target/classes/,soba/util/files/SingleFile,soba/util/files/SingleFile,Normal,38cf375f98edc4a3a410beee79c95d1647fae9ae,Loader@1dbd16a6:soba/util/files/SingleFile
